Label,# Samples,Average,Min,Max,Std. Dev.,Error %,Throughput,Received KB/sec,Sent KB/sec,Avg. Bytes
GET /,1,58,58,58,0.00,0.000%,17.24138,1477.39,1.95,87745.0
POST /api/auth/login,150,1276,213,3053,835.38,0.000%,1.58480,0.88,0.42,570.6
POST /api/auth/login (Seller),50,1136,315,2836,604.00,0.000%,1.08911,0.60,0.29,568.0
GET /api/auth/me,50,1270,53,2462,675.89,0.000%,2.29991,0.97,0.57,431.5
GET /api/products,50,1512,32,2580,648.34,0.000%,2.43807,23.32,0.49,9796.5
POST /api/product,50,948,60,2555,603.44,0.000%,1.09085,0.32,0.50,298.0
GET /api/product/442,2,452,27,878,425.50,0.000%,.65574,0.45,0.16,699.5
GET /api/product/390,2,46,37,56,9.50,0.000%,6.57895,4.48,1.65,697.0
GET /api/search,50,1451,73,2443,602.68,0.000%,2.25144,2.60,0.58,1181.0
GET /api/my-products,50,823,53,2683,616.49,0.000%,1.07096,11.43,0.27,10927.8
PUT /api/my-products/edit/442,1,102,102,102,0.00,0.000%,9.80392,2.66,3.43,278.0
POST /api/admin/login,50,1707,721,3210,661.86,0.000%,1.52314,0.85,0.44,571.0
GET /api/admin/users,50,1050,113,2036,537.02,0.000%,1.52802,92.73,0.48,62139.8
GET /api/admin/products,50,1153,74,2404,574.33,0.000%,1.50096,15.78,0.48,10767.4
POST /api/auth/login (Buyer),50,1148,291,2649,638.81,0.000%,1.05450,0.59,0.30,570.1
GET /api/admin/login-history,50,1125,169,2422,654.74,0.000%,1.47654,4.82,0.45,3340.0
POST /api/orders,50,882,107,2288,506.46,0.000%,1.04423,0.30,0.33,296.0
GET /api/product/420,4,1317,205,1911,657.37,0.000%,.33884,0.23,0.09,698.0
GET /api/admin/anomaly-detection,50,1128,244,2583,569.74,0.000%,1.45180,158.81,0.45,112011.6
GET /api/orders,50,666,66,2085,535.75,0.000%,1.04677,7.55,0.26,7387.0
GET /api/product/357,1,162,162,162,0.00,0.000%,6.17284,4.23,1.55,701.0
GET /api/product/396,1,186,186,186,0.00,0.000%,5.37634,3.66,1.35,698.0
POST /api/orders/295/update (paid),1,633,633,633,0.00,0.000%,1.57978,0.50,0.51,324.0
GET /api/product/443,1,417,417,417,0.00,0.000%,2.39808,1.64,0.60,700.0
POST /api/orders/295/update (completed),1,416,416,416,0.00,0.000%,2.40385,0.67,0.79,286.0
GET /api/product/440,3,1292,468,1998,630.23,0.000%,.22489,0.15,0.06,698.0
PUT /api/my-products/edit/443,1,902,902,902,0.00,0.000%,1.10865,0.30,0.39,278.0
GET /api/product/349,1,802,802,802,0.00,0.000%,1.24688,0.85,0.31,702.0
POST /api/analyze-image,50,4141,3100,6344,756.74,0.000%,.51196,0.22,0.18,435.0
GET /api/product/444,1,682,682,682,0.00,0.000%,1.46628,1.00,0.37,700.0
GET /api/product/421,1,901,901,901,0.00,0.000%,1.10988,0.76,0.28,697.0
GET /api/product/418,1,1376,1376,1376,0.00,0.000%,.72674,0.50,0.18,698.0
GET /api/product/445,1,1497,1497,1497,0.00,0.000%,.66800,0.46,0.17,699.0
GET /api/product/446,2,1881,1439,2324,442.50,0.000%,.35361,0.24,0.09,699.0
PUT /api/my-products/edit/444,1,1370,1370,1370,0.00,0.000%,.72993,0.20,0.26,278.0
GET /api/product/359,1,1143,1143,1143,0.00,0.000%,.87489,0.60,0.22,701.0
GET /api/product/371,3,1924,1455,2314,355.26,0.000%,.34219,0.23,0.09,702.0
GET /api/product/373,1,1984,1984,1984,0.00,0.000%,.50403,0.34,0.13,698.0
GET /api/product/447,1,2365,2365,2365,0.00,0.000%,.42283,0.29,0.11,701.0
POST /api/generate-copy,50,4439,3410,7384,936.95,0.000%,.51210,0.22,0.20,435.0
GET /api/product/407,2,2218,2050,2386,168.00,0.000%,.24570,0.17,0.06,698.0
GET /api/product/369,2,1405,593,2217,812.00,0.000%,.14763,0.10,0.04,700.0
PUT /api/my-products/edit/445,1,2261,2261,2261,0.00,0.000%,.44228,0.12,0.15,278.0
GET /api/product/358,2,1839,1406,2272,433.00,0.000%,.19608,0.13,0.05,701.0
PUT /api/my-products/edit/446,1,2338,2338,2338,0.00,0.000%,.42772,0.12,0.15,278.0
POST /api/orders/296/update (paid),1,2394,2394,2394,0.00,0.000%,.41771,0.13,0.14,324.0
GET /api/product/448,2,1774,1575,1974,199.50,0.000%,.50100,0.34,0.13,701.0
GET /api/product/408,2,1732,1553,1911,179.00,0.000%,.57787,0.39,0.15,696.0
GET /api/product/449,1,1928,1928,1928,0.00,0.000%,.51867,0.35,0.13,700.0
POST /api/orders/296/update (completed),1,1939,1939,1939,0.00,0.000%,.51573,0.14,0.17,286.0
GET /api/product/377,1,2131,2131,2131,0.00,0.000%,.46926,0.32,0.12,698.0
PUT /api/my-products/edit/447,1,1448,1448,1448,0.00,0.000%,.69061,0.19,0.24,278.0
GET /api/product/450,1,1640,1640,1640,0.00,0.000%,.60976,0.42,0.15,700.0
GET /api/product/362,1,1493,1493,1493,0.00,0.000%,.66979,0.46,0.17,701.0
GET /api/product/451,1,1631,1631,1631,0.00,0.000%,.61312,0.42,0.15,701.0
GET /api/product/415,1,1724,1724,1724,0.00,0.000%,.58005,0.40,0.15,698.0
GET /api/product/405,1,1778,1778,1778,0.00,0.000%,.56243,0.38,0.14,698.0
GET /api/product/412,1,2084,2084,2084,0.00,0.000%,.47985,0.33,0.12,698.0
PUT /api/my-products/edit/448,1,2071,2071,2071,0.00,0.000%,.48286,0.13,0.17,278.0
POST /api/orders/297/update (paid),1,2090,2090,2090,0.00,0.000%,.47847,0.15,0.16,324.0
GET /api/product/452,2,2130,2098,2162,32.00,0.000%,.31974,0.22,0.08,700.5
GET /api/product/361,1,2136,2136,2136,0.00,0.000%,.46816,0.29,0.12,639.0
GET /api/product/411,1,2133,2133,2133,0.00,0.000%,.46882,0.32,0.12,697.0
PUT /api/my-products/edit/449,1,1924,1924,1924,0.00,0.000%,.51975,0.14,0.18,278.0
POST /api/generate-all-copies,50,4405,3315,7245,894.09,0.000%,.51801,0.22,0.19,435.0
GET /api/product/370,1,1651,1651,1651,0.00,0.000%,.60569,0.41,0.15,701.0
POST /api/orders/297/update (completed),1,1868,1868,1868,0.00,0.000%,.53533,0.15,0.18,286.0
PUT /api/my-products/edit/450,1,1646,1646,1646,0.00,0.000%,.60753,0.16,0.21,278.0
GET /api/product/389,1,1608,1608,1608,0.00,0.000%,.62189,0.42,0.16,698.0
PUT /api/my-products/edit/451,1,1332,1332,1332,0.00,0.000%,.75075,0.20,0.26,278.0
POST /api/orders/298/update (paid),1,1613,1613,1613,0.00,0.000%,.61996,0.20,0.20,324.0
GET /api/product/356,1,1442,1442,1442,0.00,0.000%,.69348,0.47,0.17,699.0
POST /api/orders/299/update (paid),1,1101,1101,1101,0.00,0.000%,.90827,0.29,0.30,324.0
GET /api/product/453,1,1033,1033,1033,0.00,0.000%,.96805,0.66,0.24,701.0
PUT /api/my-products/edit/452,1,1546,1546,1546,0.00,0.000%,.64683,0.18,0.23,278.0
GET /api/product/416,1,2153,2153,2153,0.00,0.000%,.46447,0.32,0.12,696.0
POST /api/orders/298/update (completed),1,2082,2082,2082,0.00,0.000%,.48031,0.13,0.16,286.0
POST /api/orders/299/update (completed),1,2545,2545,2545,0.00,0.000%,.39293,0.11,0.13,286.0
GET /api/product/363,1,2501,2501,2501,0.00,0.000%,.39984,0.27,0.10,701.0
GET /api/product/364,1,1330,1330,1330,0.00,0.000%,.75188,0.51,0.19,701.0
POST /api/orders/300/update (paid),1,1378,1378,1378,0.00,0.000%,.72569,0.23,0.24,324.0
GET /api/product/419,1,1249,1249,1249,0.00,0.000%,.80064,0.54,0.20,697.0
GET /api/product/367,1,1172,1172,1172,0.00,0.000%,.85324,0.58,0.21,701.0
PUT /api/my-products/edit/453,1,572,572,572,0.00,0.000%,1.74825,0.47,0.61,278.0
GET /api/product/436,1,577,577,577,0.00,0.000%,1.73310,1.18,0.43,697.0
GET /api/product/372,1,620,620,620,0.00,0.000%,1.61290,1.10,0.40,696.0
POST /api/analyze-product,50,4276,3224,6207,728.33,0.000%,.53725,0.30,0.20,580.0
POST /api/orders/301/update (paid),1,915,915,915,0.00,0.000%,1.09290,0.35,0.36,324.0
GET /api/product/417,1,912,912,912,0.00,0.000%,1.09649,0.75,0.28,698.0
GET /api/product/454,1,907,907,907,0.00,0.000%,1.10254,0.75,0.28,701.0
POST /api/orders/300/update (completed),1,1104,1104,1104,0.00,0.000%,.90580,0.25,0.30,286.0
POST /api/orders/302/update (paid),1,729,729,729,0.00,0.000%,1.37174,0.43,0.45,324.0
GET /api/product/409,1,837,837,837,0.00,0.000%,1.19474,0.81,0.30,698.0
POST /api/orders/301/update (completed),1,957,957,957,0.00,0.000%,1.04493,0.29,0.34,286.0
POST /api/orders/303/update (paid),1,1010,1010,1010,0.00,0.000%,.99010,0.31,0.32,324.0
POST /api/orders/302/update (completed),1,1094,1094,1094,0.00,0.000%,.91408,0.26,0.30,286.0
GET /api/product/455,1,551,551,551,0.00,0.000%,1.81488,1.24,0.46,701.0
POST /api/orders/304/update (paid),1,562,562,562,0.00,0.000%,1.77936,0.56,0.58,324.0
POST /api/orders/305/update (paid),1,912,912,912,0.00,0.000%,1.09649,0.35,0.36,324.0
GET /api/product/456,1,915,915,915,0.00,0.000%,1.09290,0.75,0.27,700.0
PUT /api/my-products/edit/454,1,999,999,999,0.00,0.000%,1.00100,0.27,0.35,278.0
POST /api/orders/303/update (completed),1,985,985,985,0.00,0.000%,1.01523,0.28,0.34,286.0
POST /api/orders/304/update (completed),1,1701,1701,1701,0.00,0.000%,.58789,0.16,0.19,286.0
POST /api/orders/305/update (completed),1,1323,1323,1323,0.00,0.000%,.75586,0.21,0.25,286.0
PUT /api/my-products/edit/455,1,1286,1286,1286,0.00,0.000%,.77760,0.21,0.27,278.0
GET /api/product/457,1,1255,1255,1255,0.00,0.000%,.79681,0.55,0.20,701.0
POST /api/orders/306/update (paid),1,997,997,997,0.00,0.000%,1.00301,0.32,0.33,324.0
PUT /api/my-products/edit/456,1,1004,1004,1004,0.00,0.000%,.99602,0.27,0.35,278.0
GET /api/product/458,1,826,826,826,0.00,0.000%,1.21065,0.83,0.30,700.0
GET /api/product/459,1,881,881,881,0.00,0.000%,1.13507,0.78,0.28,700.0
POST /api/orders/306/update (completed),1,1239,1239,1239,0.00,0.000%,.80710,0.23,0.27,286.0
POST /api/detect-product,50,3796,2553,6253,608.04,0.000%,.54980,0.23,0.19,435.0
GET /api/product/460,1,831,831,831,0.00,0.000%,1.20337,0.82,0.30,700.0
PUT /api/my-products/edit/457,1,921,921,921,0.00,0.000%,1.08578,0.29,0.38,278.0
PUT /api/my-products/edit/458,1,687,687,687,0.00,0.000%,1.45560,0.40,0.51,278.0
GET /api/product/461,1,590,590,590,0.00,0.000%,1.69492,1.16,0.43,701.0
GET /api/product/462,1,570,570,570,0.00,0.000%,1.75439,1.20,0.44,702.0
PUT /api/my-products/edit/459,1,722,722,722,0.00,0.000%,1.38504,0.38,0.48,278.0
POST /api/orders/307/update (paid),1,719,719,719,0.00,0.000%,1.39082,0.44,0.45,324.0
PUT /api/my-products/edit/460,1,306,306,306,0.00,0.000%,3.26797,0.89,1.14,278.0
POST /api/orders/307/update (completed),1,450,450,450,0.00,0.000%,2.22222,0.62,0.73,286.0
GET /api/product/463,1,588,588,588,0.00,0.000%,1.70068,1.16,0.43,701.0
POST /api/orders/308/update (paid),1,590,590,590,0.00,0.000%,1.69492,0.54,0.55,324.0
PUT /api/my-products/edit/461,1,607,607,607,0.00,0.000%,1.64745,0.45,0.58,278.0
PUT /api/my-products/edit/462,1,622,622,622,0.00,0.000%,1.60772,0.44,0.56,278.0
POST /api/orders/309/update (paid),1,721,721,721,0.00,0.000%,1.38696,0.44,0.45,324.0
POST /api/orders/308/update (completed),1,747,747,747,0.00,0.000%,1.33869,0.37,0.44,286.0
POST /api/orders/309/update (completed),1,1093,1093,1093,0.00,0.000%,.91491,0.26,0.30,286.0
PUT /api/my-products/edit/463,1,1127,1127,1127,0.00,0.000%,.88731,0.24,0.31,278.0
POST /api/orders/310/update (paid),1,1338,1338,1338,0.00,0.000%,.74738,0.24,0.24,324.0
POST /api/orders/311/update (paid),1,757,757,757,0.00,0.000%,1.32100,0.42,0.43,324.0
POST /api/orders/312/update (paid),1,593,593,593,0.00,0.000%,1.68634,0.53,0.55,324.0
POST /api/orders/310/update (completed),1,461,461,461,0.00,0.000%,2.16920,0.61,0.72,286.0
GET /api/product/464,1,650,650,650,0.00,0.000%,1.53846,1.05,0.39,701.0
POST /api/orders/311/update (completed),1,1054,1054,1054,0.00,0.000%,.94877,0.26,0.31,286.0
POST /api/orders/313/update (paid),1,962,962,962,0.00,0.000%,1.03950,0.33,0.34,324.0
POST /api/orders/312/update (completed),1,1165,1165,1165,0.00,0.000%,.85837,0.24,0.28,286.0
GET /api/product/465,1,926,926,926,0.00,0.000%,1.07991,0.74,0.27,701.0
POST /api/orders/314/update (paid),1,603,603,603,0.00,0.000%,1.65837,0.52,0.54,324.0
POST /api/orders/315/update (paid),1,596,596,596,0.00,0.000%,1.67785,0.53,0.55,324.0
POST /api/orders/313/update (completed),1,587,587,587,0.00,0.000%,1.70358,0.48,0.56,286.0
GET /api/product/466,1,279,279,279,0.00,0.000%,3.58423,2.45,0.90,701.0
POST /api/orders/315/update (completed),1,221,221,221,0.00,0.000%,4.52489,1.26,1.49,286.0
POST /api/orders/314/update (completed),1,271,271,271,0.00,0.000%,3.69004,1.03,1.22,286.0
PUT /api/my-products/edit/464,1,286,286,286,0.00,0.000%,3.49650,0.95,1.22,278.0
POST /api/orders/316/update (paid),1,467,467,467,0.00,0.000%,2.14133,0.68,0.70,324.0
GET /api/product/467,1,558,558,558,0.00,0.000%,1.79211,1.23,0.45,701.0
PUT /api/my-products/edit/465,1,706,706,706,0.00,0.000%,1.41643,0.38,0.50,278.0
GET /api/product/468,1,720,720,720,0.00,0.000%,1.38889,0.95,0.35,701.0
PUT /api/my-products/edit/466,1,731,731,731,0.00,0.000%,1.36799,0.37,0.48,278.0
GET /api/product/469,1,543,543,543,0.00,0.000%,1.84162,1.26,0.46,701.0
POST /api/orders/316/update (completed),1,735,735,735,0.00,0.000%,1.36054,0.38,0.45,286.0
GET /api/product/470,1,879,879,879,0.00,0.000%,1.13766,0.78,0.29,701.0
PUT /api/my-products/edit/467,1,750,750,750,0.00,0.000%,1.33333,0.36,0.47,278.0
GET /api/product/471,1,625,625,625,0.00,0.000%,1.60000,1.10,0.40,701.0
PUT /api/my-products/edit/468,1,621,621,621,0.00,0.000%,1.61031,0.44,0.56,278.0
GET /api/product/472,1,289,289,289,0.00,0.000%,3.46021,2.36,0.87,699.0
PUT /api/my-products/edit/469,1,264,264,264,0.00,0.000%,3.78788,1.03,1.32,278.0
POST /api/orders/317/update (paid),1,842,842,842,0.00,0.000%,1.18765,0.38,0.39,324.0
PUT /api/my-products/edit/470,1,713,713,713,0.00,0.000%,1.40252,0.38,0.49,278.0
PUT /api/my-products/edit/471,1,537,537,537,0.00,0.000%,1.86220,0.51,0.65,278.0
PUT /api/my-products/edit/472,1,590,590,590,0.00,0.000%,1.69492,0.46,0.59,278.0
GET /api/product/473,1,638,638,638,0.00,0.000%,1.56740,1.07,0.39,701.0
POST /api/orders/317/update (completed),1,707,707,707,0.00,0.000%,1.41443,0.40,0.47,286.0
POST /api/orders/319/update (paid),1,634,634,634,0.00,0.000%,1.57729,0.50,0.51,324.0
POST /api/orders/318/update (paid),1,302,302,302,0.00,0.000%,3.31126,1.05,1.08,324.0
POST /api/orders/319/update (completed),1,490,490,490,0.00,0.000%,2.04082,0.57,0.67,286.0
PUT /api/my-products/edit/473,1,460,460,460,0.00,0.000%,2.17391,0.59,0.76,278.0
POST /api/orders/318/update (completed),1,461,461,461,0.00,0.000%,2.16920,0.61,0.72,286.0
POST /api/orders/322/update (paid),1,391,391,391,0.00,0.000%,2.55754,0.81,0.83,324.0
POST /api/orders/320/update (paid),1,325,325,325,0.00,0.000%,3.07692,0.97,1.00,324.0
POST /api/orders/321/update (paid),1,102,102,102,0.00,0.000%,9.80392,3.10,3.19,324.0
POST /api/orders/322/update (completed),1,210,210,210,0.00,0.000%,4.76190,1.33,1.57,286.0
POST /api/orders/324/update (paid),1,265,265,265,0.00,0.000%,3.77358,1.19,1.23,324.0
POST /api/orders/320/update (completed),1,809,809,809,0.00,0.000%,1.23609,0.35,0.41,286.0
POST /api/orders/321/update (completed),1,1315,1315,1315,0.00,0.000%,.76046,0.21,0.25,286.0
POST /api/orders/324/update (completed),1,1462,1462,1462,0.00,0.000%,.68399,0.19,0.23,286.0
POST /api/orders/325/update (paid),1,1489,1489,1489,0.00,0.000%,.67159,0.21,0.22,324.0
POST /api/orders/323/update (paid),1,947,947,947,0.00,0.000%,1.05597,0.33,0.34,324.0
GET /api/product/474,1,914,914,914,0.00,0.000%,1.09409,0.75,0.27,701.0
POST /api/orders/325/update (completed),1,774,774,774,0.00,0.000%,1.29199,0.36,0.43,286.0
POST /api/orders/323/update (completed),1,752,752,752,0.00,0.000%,1.32979,0.37,0.44,286.0
GET /api/product/475,1,86,86,86,0.00,0.000%,11.62791,7.95,2.92,700.0
GET /api/product/477,1,342,342,342,0.00,0.000%,2.92398,2.00,0.73,701.0
GET /api/product/478,1,346,346,346,0.00,0.000%,2.89017,1.98,0.73,700.0
GET /api/product/476,1,347,347,347,0.00,0.000%,2.88184,1.97,0.72,701.0
PUT /api/my-products/edit/474,1,360,360,360,0.00,0.000%,2.77778,0.75,0.97,278.0
POST /api/orders/326/update (paid),1,378,378,378,0.00,0.000%,2.64550,0.84,0.86,324.0
GET /api/product/479,1,109,109,109,0.00,0.000%,9.17431,6.27,2.30,700.0
GET /api/product/480,1,98,98,98,0.00,0.000%,10.20408,6.99,2.56,701.0
POST /api/orders/326/update (completed),1,520,520,520,0.00,0.000%,1.92308,0.54,0.63,286.0
PUT /api/my-products/edit/477,1,798,798,798,0.00,0.000%,1.25313,0.34,0.44,278.0
PUT /api/my-products/edit/475,1,915,915,915,0.00,0.000%,1.09290,0.30,0.38,278.0
PUT /api/my-products/edit/478,1,794,794,794,0.00,0.000%,1.25945,0.34,0.44,278.0
PUT /api/my-products/edit/476,1,655,655,655,0.00,0.000%,1.52672,0.41,0.53,278.0
GET /api/product/481,1,667,667,667,0.00,0.000%,1.49925,1.03,0.38,701.0
PUT /api/my-products/edit/480,1,116,116,116,0.00,0.000%,8.62069,2.34,3.02,278.0
PUT /api/my-products/edit/479,1,153,153,153,0.00,0.000%,6.53595,1.77,2.29,278.0
GET /api/product/482,1,566,566,566,0.00,0.000%,1.76678,1.21,0.44,700.0
PUT /api/my-products/edit/481,1,399,399,399,0.00,0.000%,2.50627,0.68,0.87,278.0
GET /api/product/483,1,615,615,615,0.00,0.000%,1.62602,1.11,0.41,701.0
PUT /api/my-products/edit/482,1,1030,1030,1030,0.00,0.000%,.97087,0.26,0.34,278.0
POST /api/orders/327/update (paid),1,1173,1173,1173,0.00,0.000%,.85251,0.27,0.28,324.0
POST /api/orders/328/update (paid),1,218,218,218,0.00,0.000%,4.58716,1.45,1.49,324.0
PUT /api/my-products/edit/483,1,104,104,104,0.00,0.000%,9.61538,2.61,3.36,278.0
POST /api/orders/327/update (completed),1,203,203,203,0.00,0.000%,4.92611,1.38,1.63,286.0
POST /api/orders/329/update (paid),1,273,273,273,0.00,0.000%,3.66300,1.16,1.19,324.0
POST /api/orders/330/update (paid),1,289,289,289,0.00,0.000%,3.46021,1.09,1.13,324.0
POST /api/orders/332/update (paid),1,315,315,315,0.00,0.000%,3.17460,1.00,1.03,324.0
POST /api/orders/328/update (completed),1,320,320,320,0.00,0.000%,3.12500,0.87,1.03,286.0
POST /api/orders/331/update (paid),1,328,328,328,0.00,0.000%,3.04878,0.96,0.99,324.0
POST /api/orders/333/update (paid),1,465,465,465,0.00,0.000%,2.15054,0.68,0.70,324.0
POST /api/orders/329/update (completed),1,599,599,599,0.00,0.000%,1.66945,0.47,0.55,286.0
POST /api/orders/330/update (completed),1,765,765,765,0.00,0.000%,1.30719,0.37,0.43,286.0
POST /api/orders/332/update (completed),1,752,752,752,0.00,0.000%,1.32979,0.37,0.44,286.0
POST /api/orders/331/update (completed),1,918,918,918,0.00,0.000%,1.08932,0.30,0.36,286.0
POST /api/orders/333/update (completed),1,1107,1107,1107,0.00,0.000%,.90334,0.25,0.30,286.0
POST /api/orders/335/update (paid),1,393,393,393,0.00,0.000%,2.54453,0.81,0.83,324.0
POST /api/orders/334/update (paid),1,1112,1112,1112,0.00,0.000%,.89928,0.28,0.29,324.0
GET /api/product/484,1,95,95,95,0.00,0.000%,10.52632,7.21,2.64,701.0
POST /api/orders/335/update (completed),1,276,276,276,0.00,0.000%,3.62319,1.01,1.20,286.0
POST /api/orders/334/update (completed),1,282,282,282,0.00,0.000%,3.54610,0.99,1.17,286.0
GET /api/product/485,1,306,306,306,0.00,0.000%,3.26797,2.24,0.82,701.0
POST /api/orders/336/update (paid),1,492,492,492,0.00,0.000%,2.03252,0.64,0.66,324.0
GET /api/product/486,1,239,239,239,0.00,0.000%,4.18410,2.86,1.05,701.0
GET /api/product/488,1,253,253,253,0.00,0.000%,3.95257,2.71,0.99,701.0
GET /api/product/487,1,477,477,477,0.00,0.000%,2.09644,1.44,0.53,701.0
POST /api/orders/336/update (completed),1,608,608,608,0.00,0.000%,1.64474,0.46,0.54,286.0
PUT /api/my-products/edit/484,1,702,702,702,0.00,0.000%,1.42450,0.39,0.50,278.0
GET /api/product/489,1,387,387,387,0.00,0.000%,2.58398,1.77,0.65,701.0
PUT /api/my-products/edit/485,1,211,211,211,0.00,0.000%,4.73934,1.29,1.66,278.0
PUT /api/my-products/edit/486,1,291,291,291,0.00,0.000%,3.43643,0.93,1.20,278.0
PUT /api/my-products/edit/488,1,285,285,285,0.00,0.000%,3.50877,0.95,1.23,278.0
PUT /api/my-products/edit/487,1,286,286,286,0.00,0.000%,3.49650,0.95,1.22,278.0
GET /api/product/490,1,87,87,87,0.00,0.000%,11.49425,7.87,2.88,701.0
GET /api/product/491,1,355,355,355,0.00,0.000%,2.81690,1.93,0.71,701.0
PUT /api/my-products/edit/489,1,682,682,682,0.00,0.000%,1.46628,0.40,0.51,278.0
PUT /api/my-products/edit/490,1,407,407,407,0.00,0.000%,2.45700,0.67,0.86,278.0
PUT /api/my-products/edit/491,1,475,475,475,0.00,0.000%,2.10526,0.57,0.74,278.0
POST /api/orders/337/update (paid),1,600,600,600,0.00,0.000%,1.66667,0.53,0.54,324.0
POST /api/orders/338/update (paid),1,428,428,428,0.00,0.000%,2.33645,0.74,0.76,324.0
POST /api/orders/340/update (paid),1,127,127,127,0.00,0.000%,7.87402,2.49,2.56,324.0
POST /api/orders/339/update (paid),1,219,219,219,0.00,0.000%,4.56621,1.44,1.48,324.0
POST /api/orders/337/update (completed),1,140,140,140,0.00,0.000%,7.14286,1.99,2.36,286.0
POST /api/orders/338/update (completed),1,406,406,406,0.00,0.000%,2.46305,0.69,0.81,286.0
POST /api/orders/340/update (completed),1,714,714,714,0.00,0.000%,1.40056,0.39,0.46,286.0
POST /api/orders/341/update (paid),1,742,742,742,0.00,0.000%,1.34771,0.43,0.44,324.0
POST /api/orders/339/update (completed),1,857,857,857,0.00,0.000%,1.16686,0.33,0.39,286.0
POST /api/orders/342/update (paid),1,876,876,876,0.00,0.000%,1.14155,0.36,0.37,324.0
POST /api/orders/341/update (completed),1,246,246,246,0.00,0.000%,4.06504,1.14,1.34,286.0
POST /api/orders/342/update (completed),1,110,110,110,0.00,0.000%,9.09091,2.54,3.00,286.0
POST /api/orders/343/update (paid),1,449,449,449,0.00,0.000%,2.22717,0.70,0.72,324.0
POST /api/orders/344/update (paid),1,428,428,428,0.00,0.000%,2.33645,0.74,0.76,324.0
POST /api/orders/343/update (completed),1,697,697,697,0.00,0.000%,1.43472,0.40,0.47,286.0
POST /api/orders/344/update (completed),1,695,695,695,0.00,0.000%,1.43885,0.40,0.47,286.0
TOTAL,1351,1681,27,7384,1403.06,0.000%,12.02364,99.24,3.65,8451.5
